#SRC_ROW_ID,SRC_SYSTEM,LAST_UPDATE_DATE,ID_NUMBER,ID_TYPE_CODE
W-555,SRC_3,04/22/2026 10:40:28,0,STATE_LICENSE
W-556,SRC_3,04/22/2026 10:40:28,0,STATE_LICENSE
W-557,SRC_3,04/22/2026 10:40:28,0,STATE_LICENSE
W-558,SRC_3,04/22/2026 10:40:28,0,STATE_LICENSE
W-559,SRC_3,04/22/2026 10:40:28,0,STATE_LICENSE
W-560,SRC_3,04/22/2026 10:40:28,0,STATE_LICENSE
W-561,SRC_3,04/22/2026 10:40:28,0,STATE_LICENSE
W-562,SRC_3,04/22/2026 10:40:28,0,STATE_LICENSE
W-563,SRC_3,04/22/2026 10:40:28,0,STATE_LICENSE
W-564,SRC_3,04/22/2026 10:40:28,0,STATE_LICENSE
W-565,SRC_3,04/22/2026 10:40:28,0,STATE_LICENSE
W-566,SRC_3,04/22/2026 10:40:28,0,STATE_LICENSE
W-567,SRC_3,04/22/2026 10:40:28,0,STATE_LICENSE
W-568,SRC_3,04/22/2026 10:40:28,0,STATE_LICENSE
W-569,SRC_3,04/22/2026 10:40:28,0,STATE_LICENSE
W-570,SRC_3,04/22/2026 10:40:28,0,STATE_LICENSE
W-571,SRC_3,04/22/2026 10:40:28,0,STATE_LICENSE
W-572,SRC_3,04/22/2026 10:40:28,0,STATE_LICENSE
W-573,SRC_3,04/22/2026 10:40:28,0,STATE_LICENSE
W-574,SRC_3,04/22/2026 10:40:28,0,STATE_LICENSE
W-575,SRC_3,04/22/2026 10:40:28,0,STATE_LICENSE
W-576,SRC_3,04/22/2026 10:40:28,0,STATE_LICENSE
W-577,SRC_3,04/22/2026 10:40:28,0,STATE_LICENSE
W-578,SRC_3,04/22/2026 10:40:28,0,STATE_LICENSE
W-579,SRC_3,04/22/2026 10:40:28,0,STATE_LICENSE
W-580,SRC_3,04/22/2026 10:40:28,0,STATE_LICENSE
W-581,SRC_3,04/22/2026 10:40:28,0,STATE_LICENSE
W-582,SRC_3,04/22/2026 10:40:28,0,STATE_LICENSE
W-583,SRC_3,04/22/2026 10:40:28,0,STATE_LICENSE
W-584,SRC_3,04/22/2026 10:40:28,0,STATE_LICENSE
W-585,SRC_3,04/22/2026 10:40:28,0,STATE_LICENSE
W-586,SRC_3,04/22/2026 10:40:28,0,STATE_LICENSE
W-587,SRC_3,04/22/2026 10:40:28,0,STATE_LICENSE
W-588,SRC_3,04/22/2026 10:40:28,0,STATE_LICENSE
W-589,SRC_3,04/22/2026 10:40:28,0,STATE_LICENSE
W-590,SRC_3,04/22/2026 10:40:28,0,STATE_LICENSE
W-591,SRC_3,04/22/2026 10:40:28,0,STATE_LICENSE
W-592,SRC_3,04/22/2026 10:40:28,0,STATE_LICENSE
W-593,SRC_3,04/22/2026 10:40:28,0,STATE_LICENSE
W-594,SRC_3,04/22/2026 10:40:28,0,STATE_LICENSE
W-595,SRC_3,04/22/2026 10:40:28,0,STATE_LICENSE
W-596,SRC_3,04/22/2026 10:40:28,0,STATE_LICENSE
W-597,SRC_3,04/22/2026 10:40:28,0,STATE_LICENSE
W-598,SRC_3,04/22/2026 10:40:28,0,STATE_LICENSE
W-599,SRC_3,04/22/2026 10:40:28,0,STATE_LICENSE
W-600,SRC_3,04/22/2026 10:40:28,0,STATE_LICENSE
W-601,SRC_3,04/22/2026 10:40:28,0,STATE_LICENSE
W-602,SRC_3,04/22/2026 10:40:28,0,STATE_LICENSE
W-603,SRC_3,04/22/2026 10:40:28,0,STATE_LICENSE
W-604,SRC_3,04/22/2026 10:40:28,0,STATE_LICENSE
W-605,SRC_3,04/22/2026 10:40:28,0,STATE_LICENSE
W-606,SRC_3,04/22/2026 10:40:28,0,STATE_LICENSE
W-607,SRC_3,04/22/2026 10:40:28,0,STATE_LICENSE
W-608,SRC_3,04/22/2026 10:40:28,0,STATE_LICENSE
W-609,SRC_3,04/22/2026 10:40:28,0,STATE_LICENSE
W-610,SRC_3,04/22/2026 10:40:28,0,STATE_LICENSE
W-611,SRC_3,04/22/2026 10:40:28,0,STATE_LICENSE
W-612,SRC_3,04/22/2026 10:40:28,0,STATE_LICENSE
W-613,SRC_3,04/22/2026 10:40:28,0,STATE_LICENSE
W-614,SRC_3,04/22/2026 10:40:28,0,STATE_LICENSE
W-615,SRC_3,04/22/2026 10:40:28,0,STATE_LICENSE
W-616,SRC_3,04/22/2026 10:40:28,0,STATE_LICENSE
W-617,SRC_3,04/22/2026 10:40:28,0,STATE_LICENSE
W-618,SRC_3,04/22/2026 10:40:28,0,STATE_LICENSE
W-619,SRC_3,04/22/2026 10:40:28,0,STATE_LICENSE
W-620,SRC_3,04/22/2026 10:40:28,0,STATE_LICENSE
W-621,SRC_3,04/22/2026 10:40:28,0,STATE_LICENSE
W-622,SRC_3,04/22/2026 10:40:28,0,STATE_LICENSE
W-623,SRC_3,04/22/2026 10:40:28,0,STATE_LICENSE
W-624,SRC_3,04/22/2026 10:40:28,0,STATE_LICENSE
W-625,SRC_3,04/22/2026 10:40:28,0,STATE_LICENSE
W-626,SRC_3,04/22/2026 10:40:28,0,STATE_LICENSE
W-627,SRC_3,04/22/2026 10:40:28,0,STATE_LICENSE
W-628,SRC_3,04/22/2026 10:40:28,0,STATE_LICENSE
W-629,SRC_3,04/22/2026 10:40:28,0,STATE_LICENSE
W-630,SRC_3,04/22/2026 10:40:28,0,STATE_LICENSE
W-631,SRC_3,04/22/2026 10:40:28,0,STATE_LICENSE
W-632,SRC_3,04/22/2026 10:40:28,0,STATE_LICENSE
W-633,SRC_3,04/22/2026 10:40:28,0,STATE_LICENSE
W-634,SRC_3,04/22/2026 10:40:28,0,STATE_LICENSE
W-635,SRC_3,04/22/2026 10:40:28,0,STATE_LICENSE
W-636,SRC_3,04/22/2026 10:40:28,0,STATE_LICENSE
W-637,SRC_3,04/22/2026 10:40:28,0,STATE_LICENSE
W-638,SRC_3,04/22/2026 10:40:28,0,STATE_LICENSE
W-639,SRC_3,04/22/2026 10:40:28,0,STATE_LICENSE
W-640,SRC_3,04/22/2026 10:40:28,0,STATE_LICENSE
W-641,SRC_3,04/22/2026 10:40:28,0,STATE_LICENSE
W-642,SRC_3,04/22/2026 10:40:28,0,STATE_LICENSE
W-643,SRC_3,04/22/2026 10:40:28,0,STATE_LICENSE
W-644,SRC_3,04/22/2026 10:40:28,0,STATE_LICENSE
W-645,SRC_3,04/22/2026 10:40:28,0,STATE_LICENSE
W-646,SRC_3,04/22/2026 10:40:28,0,STATE_LICENSE
W-647,SRC_3,04/22/2026 10:40:28,0,STATE_LICENSE
W-648,SRC_3,04/22/2026 10:40:28,0,STATE_LICENSE
W-649,SRC_3,04/22/2026 10:40:28,0,STATE_LICENSE
W-650,SRC_3,04/22/2026 10:40:28,0,STATE_LICENSE
W-651,SRC_3,04/22/2026 10:40:28,0,STATE_LICENSE
W-652,SRC_3,04/22/2026 10:40:28,0,STATE_LICENSE
W-653,SRC_3,04/22/2026 10:40:28,0,STATE_LICENSE
W-654,SRC_3,04/22/2026 10:40:28,0,STATE_LICENSE
